,City,Country,Date,Lat,Lng,Humidity,Cloudiness,Wind Speed,Max Temp
0,taolanaro,,,,,,,,
1,hermanus,ZA,2020-04-11 16:46:54,-34.42,19.23,93,100,18.01,63
2,atuona,PF,2020-04-11 16:46:55,-9.8,-139.03,66,48,5.77,82.89
3,margate,GB,2020-04-11 16:46:55,51.38,1.39,87,41,3.36,57
4,mataura,NZ,2020-04-11 16:46:55,-46.19,168.86,58,93,1.99,64
5,vila franca do campo,PT,2020-04-11 16:46:55,37.72,-25.43,82,20,12.75,57.2
6,albany,US,2020-04-11 16:42:36,42.6,-73.97,28,20,19.46,46.4
7,rikitea,PF,2020-04-11 16:46:56,-23.12,-134.97,75,62,5.64,78.12
8,kiruna,SE,2020-04-11 16:46:56,67.86,20.23,78,88,4.7,17.6
9,jamestown,US,2020-04-11 16:46:56,42.1,-79.24,45,1,8.05,46.4
10,klaksvik,FO,2020-04-11 16:46:56,62.23,-6.59,93,100,24.16,39.2
11,hobart,AU,2020-04-11 16:42:48,-42.88,147.33,62,40,14.99,55.99
12,turbat,PK,2020-04-11 16:43:17,26,63.04,50,97,1.34,78.51
13,ancud,CL,2020-04-11 16:46:57,-41.87,-73.82,75,20,6.93,46.4
14,ostrovnoy,RU,2020-04-11 16:46:57,68.05,39.51,93,28,12.17,15.42
15,saskylakh,RU,2020-04-11 16:46:57,71.92,114.08,90,11,12.41,1.13
16,barrow,US,2020-04-11 16:46:58,71.29,-156.79,85,90,14.99,21.2
17,aykhal,RU,2020-04-11 16:46:58,66,111.5,68,79,6.71,24.8
18,butaritari,KI,2020-04-11 16:46:58,3.07,172.79,74,88,10.36,84.04
19,avarua,CK,2020-04-11 16:46:59,-21.21,-159.78,88,98,5.82,82.4
20,punta arenas,CL,2020-04-11 16:45:58,-53.15,-70.92,70,75,6.93,44.6
21,new norfolk,AU,2020-04-11 16:46:59,-42.78,147.06,62,40,14.99,55.99
22,bredasdorp,ZA,2020-04-11 16:46:59,-34.53,20.04,52,100,23.04,69.8
23,hithadhoo,MV,2020-04-11 16:47:00,-0.6,73.08,67,5,8.81,84.36
24,sao filipe,CV,2020-04-11 16:47:00,14.9,-24.5,74,93,9.22,75.38
25,impfondo,CG,2020-04-11 16:47:01,1.64,18.07,89,100,4.72,70.88
26,cape town,ZA,2020-04-11 16:46:24,-33.93,18.42,93,90,19.46,64.99
27,pancas,BR,2020-04-11 16:47:02,-19.23,-40.85,89,15,4.81,71.24
28,labrea,BR,2020-04-11 16:47:02,-7.26,-64.8,88,81,1.21,77.2
29,castro,BR,2020-04-11 16:47:03,-24.79,-50.01,71,6,4.76,56.75
30,provideniya,RU,2020-04-11 16:47:03,64.38,-173.3,92,100,6.91,32.81
31,mocajuba,BR,2020-04-11 16:47:03,-2.58,-49.51,94,73,4.54,76.33
32,lavrentiya,RU,2020-04-11 16:47:03,65.58,-171,96,95,12.46,32.43
33,ribeira grande,PT,2020-04-11 16:47:04,38.52,-28.7,73,0,6.62,61.66
34,kirksville,US,2020-04-11 16:47:04,40.19,-92.58,77,90,10.29,59
35,xuddur,SO,2020-04-11 16:47:05,4.12,43.89,71,14,13.06,75.7
36,havelock,US,2020-04-11 16:47:05,34.88,-76.9,47,1,11.41,62.6
37,clyde river,CA,2020-04-11 16:47:05,70.47,-68.59,84,20,10.29,5
38,anjiang,CN,2020-04-11 16:47:05,27.32,110.1,74,67,1.32,49.59
39,sechura,PE,2020-04-11 16:47:06,-5.56,-80.82,66,60,15.97,77.65
40,busselton,AU,2020-04-11 16:47:06,-33.65,115.33,68,84,9.33,72
41,talnakh,RU,2020-04-11 16:47:06,69.49,88.4,93,75,31.32,33.8
42,tunxi,,,,,,,,
43,saleaula,,,,,,,,
44,mega,ET,2020-04-11 16:47:07,4.05,38.3,50,8,8.95,63.14
45,yellowknife,CA,2020-04-11 16:47:07,62.46,-114.35,52,75,19.46,19.4
46,bluff,NZ,2020-04-11 16:47:07,-46.6,168.33,58,82,1.99,64
47,esmeraldas,BR,2020-04-11 16:47:08,-19.76,-44.31,83,7,5.82,73.4
48,mahebourg,MU,2020-04-11 16:46:40,-20.41,57.7,83,75,5.82,75.99
49,east london,ZA,2020-04-11 16:47:08,-33.02,27.91,67,85,1.92,73.74
50,kato mazarakion,GR,2020-04-11 16:47:08,38.07,21.65,93,20,1.77,51.8
51,gat,IL,2020-04-11 16:47:09,31.61,34.76,87,10,2.24,55.4
52,ushuaia,AR,2020-04-11 16:45:09,-54.8,-68.3,75,40,23.04,41
53,diamantina,BR,2020-04-11 16:47:09,-18.25,-43.6,72,39,1.9,63.05
54,brae,GB,2020-04-11 16:47:10,60.4,-1.35,81,100,26.4,46.4
55,port alfred,ZA,2020-04-11 16:47:10,-33.59,26.89,92,80,3,63
56,morondava,MG,2020-04-11 16:47:10,-20.28,44.28,77,94,4.09,77.49
57,lebu,CL,2020-04-11 16:47:10,-37.62,-73.65,70,0,15.1,53.51
58,muros,ES,2020-04-11 16:47:11,42.78,-9.06,93,75,5.82,55
59,qaqortoq,GL,2020-04-11 16:44:26,60.72,-46.03,39,100,38.03,46.4
60,tasiilaq,GL,2020-04-11 16:47:11,65.61,-37.64,53,85,12.75,26.6
61,samarai,PG,2020-04-11 16:47:12,-10.62,150.67,57,89,4.25,83.59
62,baoro,CF,2020-04-11 16:47:12,5.67,15.97,66,100,1.28,68.43
63,kodiak,US,2020-04-11 16:47:12,57.79,-152.41,80,90,20.8,41
64,aras,ES,2020-04-11 16:47:12,42.56,-2.36,100,90,2.24,55.99
65,mananjary,MG,2020-04-11 16:47:13,-21.22,48.33,83,34,2.62,73.83
66,coquimbo,CL,2020-04-11 16:47:13,-29.95,-71.34,82,82,11.41,60.8
67,vieste,IT,2020-04-11 16:47:13,41.88,16.18,100,5,4.7,52
68,kamenskoye,,,,,,,,
69,kapaa,US,2020-04-11 16:47:14,22.08,-159.32,69,90,5.82,78.8
70,norman wells,CA,2020-04-11 16:47:14,65.28,-126.83,50,20,10.29,28.4
71,okha,RU,2020-04-11 16:47:14,53.57,142.95,97,56,13.62,30.92
72,esperance,AU,2020-04-11 16:45:36,-33.87,121.9,56,40,19.46,71.6
73,dikson,RU,2020-04-11 16:47:15,73.51,80.55,96,100,13.71,14.09
74,kadykchan,,,,,,,,
75,lasem,ID,2020-04-11 16:47:17,-6.69,111.45,82,81,6.98,79.61
76,vardo,NO,2020-04-11 16:47:18,70.37,31.11,92,46,8.48,26.24
77,saldanha,ZA,2020-04-11 16:47:18,-33.01,17.94,93,99,16.11,60.8
78,amderma,,,,,,,,
79,kahului,US,2020-04-11 16:43:21,20.89,-156.47,58,40,12.75,82.4
80,te anau,NZ,2020-04-11 16:44:27,-45.42,167.72,64,56,8.41,59.94
81,vaitupu,,,,,,,,
82,kaitangata,NZ,2020-04-11 16:47:13,-46.28,169.85,56,96,10.56,61.84
83,aksu,CN,2020-04-11 16:47:20,41.12,80.26,23,62,2.26,54.27
84,darhan,MN,2020-04-11 16:47:20,49.49,105.92,33,86,7.18,48.99
85,henties bay,NA,2020-04-11 16:47:21,-22.12,14.28,83,2,4,64.99
86,chokurdakh,RU,2020-04-11 16:47:21,70.63,147.92,98,99,13.47,29.12
87,saint-joseph,RE,2020-04-11 16:47:21,-21.37,55.62,73,22,4.7,73.99
88,guerrero negro,MX,2020-04-11 16:47:22,27.98,-114.06,60,5,19.86,64.08
89,rusape,ZW,2020-04-11 16:47:22,-18.53,32.13,60,80,0.51,56.77
90,san patricio,MX,2020-04-11 16:47:22,19.22,-104.7,74,40,9.17,86
91,prado,BR,2020-04-11 16:47:23,-17.34,-39.22,86,53,7.61,78.17
92,severo-kurilsk,RU,2020-04-11 16:47:23,50.68,156.12,93,63,8.39,30.7
93,mantua,IT,2020-04-11 16:47:23,45.17,10.78,57,0,4.7,59
94,uromi,NG,2020-04-11 16:47:23,6.7,6.33,83,100,2.3,71.98
95,nokaneng,BW,2020-04-11 16:47:24,-19.67,22.27,49,71,2.3,71.64
96,tevaitoa,PF,2020-04-11 16:47:24,-16.78,-151.5,75,84,12.97,83.57
97,dzhebariki-khaya,RU,2020-04-11 16:47:24,62.22,135.8,95,100,6.78,31.14
98,kedrovyy,RU,2020-04-11 16:47:24,56.17,91.82,85,0,2.24,21.2
99,risod,IN,2020-04-11 16:47:25,19.97,76.78,19,0,5.19,78.69
100,chicama,PE,2020-04-11 16:43:10,-7.84,-79.15,67,63,7.67,76.19
101,upernavik,GL,2020-04-11 16:47:26,72.79,-56.15,88,100,1.74,19.35
102,caala,AO,2020-04-11 16:47:26,-12.85,15.56,59,30,0.87,58.28
103,puerto ayora,EC,2020-04-11 16:47:26,-0.74,-90.35,70,75,10.29,84.2
104,torbay,CA,2020-04-11 16:47:27,47.67,-52.73,74,90,20.8,36
105,kruisfontein,ZA,2020-04-11 16:45:34,-34,24.73,54,95,5.97,61.36
106,longyearbyen,SJ,2020-04-11 16:42:59,78.22,15.64,76,20,1.12,-7.6
107,havoysund,NO,2020-04-11 16:43:20,71,24.66,80,82,4.7,30.2
108,kuningan,ID,2020-04-11 16:47:28,-6.98,108.48,76,42,3.85,73.24
109,show low,US,2020-04-11 16:47:28,34.25,-110.03,34,1,10.29,55.4
110,adrar,MR,2020-04-11 16:47:28,20.5,-10.07,17,0,10.92,80.47
111,kostomuksha,RU,2020-04-11 16:47:29,64.57,30.58,94,1,3.47,20.12
112,grand river south east,,,,,,,,
113,poum,NC,2020-04-11 16:47:29,-20.23,164.02,71,56,12.17,79.83
114,airai,TL,2020-04-11 16:47:30,-8.93,125.41,69,96,1.97,65.73
115,stephenville,US,2020-04-11 16:47:30,32.22,-98.2,82,90,8.05,70
116,vaini,TO,2020-04-11 16:47:30,-21.2,-175.2,65,20,5.82,82.4
117,avera,US,2020-04-11 16:47:30,33.19,-82.53,26,1,4.7,73.4
118,colombo,LK,2020-04-11 16:47:30,6.93,79.85,83,1,1.61,77.92
119,itarema,BR,2020-04-11 16:47:31,-2.92,-39.92,86,100,5.5,79.23
120,cap malheureux,MU,2020-04-11 16:47:31,-19.98,57.61,83,75,5.82,75.99
121,eyl,SO,2020-04-11 16:47:31,7.98,49.82,72,27,8.16,82.45
122,lompoc,US,2020-04-11 16:47:31,34.64,-120.46,72,75,14.99,72
123,kaabong,UG,2020-04-11 16:47:32,3.48,34.15,40,66,9.33,70.02
124,port hedland,AU,2020-04-11 16:47:32,-20.32,118.57,64,5,6.93,75.2
125,illoqqortoormiut,,,,,,,,
126,hovd,MN,2020-04-11 16:47:33,48.01,91.64,36,100,1.39,38.64
127,almonte,ES,2020-04-11 16:47:33,37.26,-6.52,77,66,4.7,62.6
128,fortuna,US,2020-04-11 16:47:33,40.6,-124.16,87,90,12.75,57.99
129,vzmorye,RU,2020-04-11 16:47:33,54.7,20.24,52,100,8.95,41
130,cherskiy,RU,2020-04-11 16:47:34,68.75,161.3,96,99,14.63,19.6
131,aflu,,,,,,,,
132,hilo,US,2020-04-11 16:46:39,19.73,-155.09,65,1,12.75,82.4
133,korem,ET,2020-04-11 16:47:34,12.51,39.52,47,100,2.3,55.99
134,mitu,CO,2020-04-11 16:47:35,1.2,-70.17,89,71,0.72,75.34
135,port elizabeth,ZA,2020-04-11 16:47:35,-33.92,25.57,63,92,5.82,62.6
136,cilegon,ID,2020-04-11 16:47:35,-6.02,106.05,88,20,2.24,78.8
137,chuy,UY,2020-04-11 16:47:35,-33.7,-53.46,76,17,6.42,62.35
138,lagoa,PT,2020-04-11 16:47:36,39.05,-27.98,77,0,10.2,61.27
139,kudahuvadhoo,MV,2020-04-11 16:47:36,2.67,72.89,63,5,5.08,84.42
140,hasaki,JP,2020-04-11 16:47:37,35.73,140.83,87,75,11.41,50
141,novopokrovka,UA,2020-04-11 16:47:37,49.84,36.55,71,32,11.5,37.92
142,georgetown,MY,2020-04-11 16:47:37,5.41,100.34,88,20,2.62,82.4
143,carnarvon,AU,2020-04-11 16:47:37,-24.87,113.63,100,14,12.75,75.2
144,broome,US,2020-04-11 16:47:38,42.25,-75.83,33,1,8.05,44.01
145,derazhnya,UA,2020-04-11 16:47:38,49.27,27.43,69,0,4.65,35.73
146,iracoubo,GF,2020-04-11 16:47:38,5.48,-53.2,78,100,11.81,79.11
147,lasa,IT,2020-04-11 16:47:40,46.62,10.7,75,5,4.7,48
148,tomakomai,JP,2020-04-11 16:47:40,42.64,141.6,55,20,6.93,42.01
149,champerico,GT,2020-04-11 16:47:40,14.3,-91.92,61,54,5.44,86.09
150,aksarka,RU,2020-04-11 16:46:44,66.56,67.8,90,7,3.36,9.77
151,mount gambier,AU,2020-04-11 16:47:42,-37.83,140.77,62,90,8.05,55.4
152,mana,GF,2020-04-11 16:47:42,5.66,-53.78,83,100,8.37,77.04
153,tsihombe,,,,,,,,
154,saint-philippe,RE,2020-04-11 16:47:42,-21.36,55.77,73,26,4.7,73.99
155,aklavik,CA,2020-04-11 16:47:43,68.22,-135.01,49,5,8.05,24.8
156,wedel,DE,2020-04-11 16:47:43,53.58,9.7,72,86,3.36,51.01
157,grand gaube,MU,2020-04-11 16:47:43,-20.01,57.66,83,75,5.82,75.99
158,sibolga,ID,2020-04-11 16:47:43,1.74,98.78,76,87,3.24,78.91
159,lexington,US,2020-04-11 16:46:17,37.99,-84.48,63,90,5.82,59
160,mayo,US,2020-04-11 16:47:44,38.89,-76.51,26,1,10.29,61
161,bethel,US,2020-04-11 16:47:44,41.37,-73.41,26,20,9.17,52
162,abu dhabi,AE,2020-04-11 16:45:03,24.47,54.37,19,45,8.05,87.8
163,camacha,PT,2020-04-11 16:47:45,33.08,-16.33,72,40,14.99,62.6
164,mar del plata,AR,2020-04-11 16:47:45,-38,-57.56,72,69,3.36,62.01
165,ishigaki,JP,2020-04-11 16:47:45,24.34,124.16,93,75,12.75,64.4
166,dolbeau,,,,,,,,
167,khatanga,RU,2020-04-11 16:47:46,71.97,102.5,94,66,8.23,8.1
168,kerki,,,,,,,,
169,quelimane,MZ,2020-04-11 16:47:46,-17.88,36.89,87,61,3.36,67.06
170,bilma,NE,2020-04-11 16:43:19,18.69,12.92,16,100,5.01,77.07
171,marawi,PH,2020-04-11 16:47:47,8,124.29,56,54,1.95,77.27
172,rubik,AL,2020-04-11 16:47:47,41.77,19.79,76,1,3.36,48.2
173,owando,CG,2020-04-11 16:47:47,-0.48,15.9,86,100,5.12,73.11
174,ilulissat,GL,2020-04-11 16:47:48,69.22,-51.1,74,90,8.05,28.4
175,ferme-neuve,CA,2020-04-11 16:47:48,46.7,-75.45,93,73,2.91,29.66
176,mahadday weyne,,,,,,,,
177,attawapiskat,,,,,,,,
178,markova,UA,2020-04-11 16:47:49,48.68,24.41,66,7,2.13,35.4
179,donskoye,RU,2020-04-11 16:47:49,45.46,41.97,65,39,11.18,41
180,ambilobe,MG,2020-04-11 16:47:49,-13.2,49.05,84,6,3.89,72.03
181,acarau,BR,2020-04-11 16:47:49,-2.89,-40.12,87,100,4.68,78.66
182,taoudenni,ML,2020-04-11 16:47:49,22.68,-3.98,12,0,8.7,85.96
183,maningrida,AU,2020-04-11 16:47:50,-12.07,134.27,79,32,7.74,82.15
184,kayes,ML,2020-04-11 16:47:50,14,-11,12,29,3.78,88.52
185,narsaq,GL,2020-04-11 16:47:50,60.92,-46.05,39,100,38.03,46.4
186,kolondieba,ML,2020-04-11 16:47:50,11.09,-6.89,43,74,3.56,82.42
187,praia,CV,2020-04-11 16:47:51,14.92,-23.51,69,82,9.17,75.2
188,richards bay,ZA,2020-04-11 16:47:51,-28.78,32.04,81,49,14.45,71.47
189,vao,NC,2020-04-11 16:47:51,-22.67,167.48,73,35,12.95,76.5
190,muisne,EC,2020-04-11 16:47:52,0.6,-80.03,88,75,5.82,80.6
191,port hardy,CA,2020-04-11 16:45:12,50.7,-127.42,32,20,5.82,55.4
192,manta,EC,2020-04-11 16:45:48,-0.95,-80.73,83,90,3.36,80.6
193,iquitos,PE,2020-04-11 16:47:52,-3.75,-73.25,78,40,4.7,82.4
194,faanui,PF,2020-04-11 16:47:53,-16.48,-151.75,76,46,14.16,82.58
195,touros,BR,2020-04-11 16:47:53,-5.2,-35.46,88,40,5.82,80.6
196,hualmay,PE,2020-04-11 16:47:53,-11.1,-77.61,75,47,6.22,73.18
197,qaanaaq,GL,2020-04-11 16:47:54,77.48,-69.36,72,88,3.24,11.8
198,sorong,ID,2020-04-11 16:47:54,-0.88,131.25,73,5,1.86,84.4
199,shaowu,CN,2020-04-11 16:47:54,27.34,117.48,62,30,6.24,50
200,tezu,IN,2020-04-11 16:47:54,27.92,96.17,31,0,3.6,70.75
201,quatre cocos,MU,2020-04-11 16:47:55,-20.21,57.76,83,75,5.82,75.99
202,nizhneyansk,,,,,,,,
203,tyrma,RU,2020-04-11 16:47:55,50.08,132.17,45,0,1.43,48.76
204,kulhudhuffushi,MV,2020-04-11 16:47:56,6.62,73.07,64,41,6.44,85.68
205,grindavik,IS,2020-04-11 16:47:56,63.84,-22.43,81,75,16.11,37.4
206,norsup,VU,2020-04-11 16:47:56,-16.07,167.38,70,40,8.05,84.2
207,miquelon,PM,2020-04-11 16:47:56,47.1,-56.38,91,70,23.96,32.86
208,lebanon,US,2020-04-11 16:47:57,36.21,-86.29,24,20,5.82,68
209,vilhena,BR,2020-04-11 16:47:57,-12.74,-60.15,100,20,4.7,71.6
210,healdsburg,US,2020-04-11 16:47:57,38.61,-122.87,77,75,10.29,64.99
211,yuci,CN,2020-04-11 16:47:58,37.68,112.73,30,0,2.24,32
212,kohlu,PK,2020-04-11 16:47:58,29.9,69.25,33,82,2.93,68.49
213,cayenne,GF,2020-04-11 16:47:58,4.93,-52.33,74,75,5.82,80.6
214,sentyabrskiy,,,,,,,,
215,katsuura,JP,2020-04-11 16:47:59,35.13,140.3,93,75,10.29,50
216,hay river,CA,2020-04-11 16:47:59,60.82,-115.8,62,75,8.05,19.4
217,barabinsk,RU,2020-04-11 16:47:59,55.36,78.36,92,76,7.4,31.57
218,evensk,RU,2020-04-11 16:46:42,61.95,159.23,88,100,2.46,13.01
219,manokwari,ID,2020-04-11 16:48:00,-0.87,134.08,70,43,1.81,83.3
220,bandarbeyla,SO,2020-04-11 16:48:00,9.49,50.81,72,32,5.12,81.25
221,havre-saint-pierre,CA,2020-04-11 16:48:00,50.23,-63.6,74,1,9.17,33.8
222,ponta do sol,PT,2020-04-11 16:48:01,32.67,-17.1,67,40,12.75,62.6
223,victoria,HK,2020-04-11 16:45:24,22.29,114.16,68,20,18.34,66.99
224,port-gentil,GA,2020-04-11 16:48:01,-0.72,8.78,87,100,15.99,77.97
225,luebo,CD,2020-04-11 16:48:02,-5.35,21.42,81,95,1.92,73.09
226,aizawl,IN,2020-04-11 16:48:02,23.73,92.72,49,0,2.51,60.3
227,vostok,RU,2020-04-11 16:48:02,46.49,135.88,51,34,4.59,37.62
228,burica,,,,,,,,
229,tuktoyaktuk,CA,2020-04-11 16:48:02,69.45,-133.04,84,20,11.41,6.8
230,eydhafushi,MV,2020-04-11 16:48:03,5.1,73.07,65,4,2.01,84.42
231,puerto suarez,BO,2020-04-11 16:48:03,-18.95,-57.8,62,0,2.73,72.55
232,belushya guba,,,,,,,,
233,villamontes,BO,2020-04-11 16:48:03,-21.25,-63.5,48,0,1.03,67.82
234,pinega,RU,2020-04-11 16:48:04,64.7,43.39,96,8,3.38,20.84
235,sisimiut,GL,2020-04-11 16:48:04,66.94,-53.67,78,96,7.09,34.81
236,rzhyshchiv,UA,2020-04-11 16:48:04,49.97,31.05,54,0,6.71,39
237,petropavlovsk-kamchatskiy,RU,2020-04-11 16:48:05,53.05,158.65,55,64,4.47,33.8
238,fuyang,CN,2020-04-11 16:48:05,32.9,115.82,61,0,13.62,50.34
239,college,US,2020-04-11 16:44:27,64.86,-147.8,30,75,5.82,44.6
240,nanortalik,GL,2020-04-11 16:48:05,60.14,-45.24,77,100,33.8,36.54
241,yulara,AU,2020-04-11 16:48:05,-25.24,130.99,27,100,8.05,75.2
242,pangnirtung,CA,2020-04-11 16:48:06,66.15,-65.71,87,92,6.87,23.81
243,fort nelson,CA,2020-04-11 16:48:06,58.81,-122.7,32,40,8.05,37.4
244,road town,VG,2020-04-11 16:45:30,18.42,-64.62,69,75,4.7,82.4
245,hihifo,,,,,,,,
246,tabou,CI,2020-04-11 16:48:07,4.42,-7.35,82,99,3.4,80.04
247,haines junction,CA,2020-04-11 16:48:07,60.75,-137.51,60,0,2.24,35.96
248,orocue,CO,2020-04-11 16:48:07,4.79,-71.34,70,46,5.79,82.36
249,moose factory,CA,2020-04-11 16:48:08,51.26,-80.61,79,1,8.05,28.4
250,hobyo,SO,2020-04-11 16:48:08,5.35,48.53,75,4,11.1,81.97
251,urumqi,CN,2020-04-11 16:48:08,43.8,87.6,45,69,6.71,48.2
252,sendafa,ET,2020-04-11 16:48:08,9.15,39.03,36,9,2.8,53.26
253,arcata,US,2020-04-11 16:47:55,40.87,-124.08,71,1,19.46,57.99
254,cidreira,BR,2020-04-11 16:44:22,-30.18,-50.21,70,4,5.32,65.75
255,laguna,US,2020-04-11 16:47:34,38.42,-121.42,63,1,9.17,73
256,neyshabur,IR,2020-04-11 16:48:09,36.21,58.8,55,100,3.13,55.9
257,barentsburg,,,,,,,,
258,saint-pierre,RE,2020-04-11 16:48:10,-21.34,55.48,73,20,4.7,73.99
259,pierre,US,2020-04-11 16:48:10,44.37,-100.35,86,90,19.46,37.99
260,ust-ilimsk,RU,2020-04-11 16:48:10,58,102.66,82,0,1.86,32.67
261,madimba,TZ,2020-04-11 16:48:10,-10.4,40.33,87,95,11.63,78.21
262,vestmannaeyjar,IS,2020-04-11 16:48:11,63.44,-20.27,88,100,11.14,43.29
263,port augusta,AU,2020-04-11 16:48:11,-32.5,137.77,67,4,11.41,57.2
264,mogocha,RU,2020-04-11 16:48:11,53.73,119.77,47,0,1.63,43.97
265,takoradi,GH,2020-04-11 16:48:12,4.88,-1.76,86,46,4.88,80.33
266,vanimo,PG,2020-04-11 16:48:12,-2.67,141.3,77,62,1.54,83.46
267,bilibino,RU,2020-04-11 16:48:12,68.05,166.44,89,91,3.76,14.2
268,san andres,CO,2020-04-11 16:44:52,12.58,-81.7,79,40,11.41,84.2
269,zaria,NG,2020-04-11 16:48:12,11.11,7.72,17,100,7.02,78.39
270,pathein,MM,2020-04-11 16:48:12,16.78,94.73,89,93,7.36,76.55
271,nikolskoye,RU,2020-04-11 16:48:13,59.7,30.79,92,3,2.24,26.6
272,corinto,GR,2020-04-11 16:43:52,37.94,22.96,58,0,3.36,62.01
273,isangel,VU,2020-04-11 16:48:13,-19.55,169.27,58,20,5.48,84.2
274,kalakamati,BW,2020-04-11 16:48:14,-20.59,27.31,35,36,8.16,65.95
275,tura,IN,2020-04-11 16:47:08,25.52,90.22,46,0,4.85,71.28
276,ornskoldsvik,SE,2020-04-11 16:48:14,63.29,18.72,95,90,11.41,35.6
277,port lincoln,AU,2020-04-11 16:48:14,-34.73,135.87,60,90,7.74,58.33
278,tiksi,RU,2020-04-11 16:48:15,71.69,128.87,91,66,18.25,8.04
279,kununurra,AU,2020-04-11 16:48:15,-15.77,128.73,78,60,3.36,78.8
280,saint george,US,2020-04-11 16:43:54,37.1,-113.58,32,1,16.11,70
281,alamogordo,US,2020-04-11 16:48:15,32.9,-105.96,9,1,14.99,70
282,geraldton,AU,2020-04-11 16:48:15,-28.77,114.6,100,75,6.26,68
283,tapes,BR,2020-04-11 16:48:16,-30.67,-51.4,81,5,4,62.6
284,ladario,BR,2020-04-11 16:48:16,-19,-57.6,62,0,3.18,73.44
285,ferkessedougou,CI,2020-04-11 16:48:16,9.6,-5.2,50,75,4.65,82.04
286,okoneshnikovo,RU,2020-04-11 16:48:17,54.84,75.08,76,28,5.21,39.07
287,sumbe,AO,2020-04-11 16:48:17,-11.21,13.84,86,47,3.58,77.79
288,bafra,TR,2020-04-11 16:48:17,41.57,35.91,81,40,4.7,46.4
289,nanakuli,US,2020-04-11 16:47:52,21.39,-158.15,65,40,10.29,82.4
290,puerto el triunfo,SV,2020-04-11 16:48:18,13.28,-88.55,70,40,9.17,87.8
291,bagan,RU,2020-04-11 16:48:18,54.1,77.66,80,61,7.78,35.87
292,phuket,TH,2020-04-11 16:48:18,8,98.25,88,20,3.36,77
293,santa luzia,BR,2020-04-11 16:48:18,-19.77,-43.85,78,5,9.17,73.4
294,auki,SB,2020-04-11 16:48:19,-8.77,160.7,67,91,2.66,85.33
295,chitapur,IN,2020-04-11 16:48:19,17.12,77.08,31,0,3.76,77.65
296,marcona,,,,,,,,
297,bud,US,2020-04-11 16:48:19,39.45,-86.18,28,1,8.05,62.01
298,flinders,AU,2020-04-11 16:48:20,-34.58,150.86,44,0,11.41,66.99
299,paralimni,CY,2020-04-11 16:48:20,35.04,33.98,81,0,1.12,57
300,viedma,AR,2020-04-11 16:48:20,-40.81,-63,53,80,5.95,55.54
301,kidal,ML,2020-04-11 16:48:20,18.44,1.41,20,13,5.46,84.76
302,nome,US,2020-04-11 16:48:21,64.5,-165.41,86,90,11.41,30.2
303,eureka,US,2020-04-11 16:48:21,40.8,-124.16,71,1,19.46,57.99
304,sampit,ID,2020-04-11 16:48:21,-2.53,112.95,92,82,0.81,77.14
305,paamiut,GL,2020-04-11 16:48:21,61.99,-49.67,73,100,10.78,39.69
306,dawson creek,CA,2020-04-11 16:48:21,55.77,-120.24,32,20,12.75,37.4
307,shingu,JP,2020-04-11 16:48:22,33.73,135.98,62,75,3.36,53.6
308,abong mbang,CM,2020-04-11 16:48:22,3.98,13.18,64,99,0.78,67.98
309,samusu,,,,,,,,
310,evanston,US,2020-04-11 16:44:10,42.04,-87.69,36,90,9.17,63
311,cabo san lucas,MX,2020-04-11 16:45:48,22.89,-109.91,56,75,17.22,75.99
312,virginia beach,US,2020-04-11 16:43:00,36.85,-75.98,58,1,6.93,64.4
313,matamoros,MX,2020-04-11 16:48:23,25.53,-103.25,6,75,23.04,95
314,zhezkazgan,KZ,2020-04-11 16:48:24,47.8,67.71,52,87,6.44,43.84
315,thinadhoo,MV,2020-04-11 16:48:24,0.53,72.93,63,0,4.54,83.97
316,bengkulu,ID,2020-04-11 16:48:24,-3.8,102.27,81,31,4.65,79.16
317,nyurba,RU,2020-04-11 16:48:24,63.28,118.33,92,98,9.71,31.64
318,santa maria,BR,2020-04-11 16:48:25,-29.68,-53.81,77,1,3.96,59.5
319,toliary,,,,,,,,
320,shanghai,CN,2020-04-11 16:44:44,31.22,121.46,76,23,8.95,55
321,sitka,US,2020-04-11 16:45:33,57.05,-135.33,48,20,4.7,44.6
322,thompson,CA,2020-04-11 16:44:52,55.74,-97.86,67,90,14.99,23
323,bon accord,CA,2020-04-11 16:48:26,53.83,-113.42,42,75,13.87,30
324,zhaotong,CN,2020-04-11 16:48:26,27.32,103.72,44,91,2.24,45.41
325,lindi,TZ,2020-04-11 16:48:26,-10,39.72,89,95,10.87,76.73
326,husavik,IS,2020-04-11 16:48:26,66.04,-17.34,69,75,24.16,33.8
327,tual,ID,2020-04-11 16:48:27,-5.67,132.75,69,85,1.05,84.04
328,nizhniy odes,RU,2020-04-11 16:48:27,63.64,54.86,94,85,0.11,16.95
329,ust-kalmanka,RU,2020-04-11 16:48:27,52.12,83.31,87,33,6.89,33.33
330,parabel,RU,2020-04-11 16:48:27,58.7,81.48,97,11,6.11,29.34
331,sinnamary,GF,2020-04-11 16:48:28,5.38,-52.95,79,100,13.11,79.36
332,ginir,ET,2020-04-11 16:48:28,7.13,40.7,54,18,3.69,59.9
333,benicarlo,ES,2020-04-11 16:48:28,40.42,0.43,76,98,2.62,46.99
334,novo aripuana,BR,2020-04-11 16:48:28,-5.12,-60.38,97,100,2.35,75.18
335,simao,CN,2020-04-11 16:48:29,22.79,100.97,31,73,0.83,66.36
336,ust-tsilma,RU,2020-04-11 16:48:29,65.44,52.15,95,73,2.89,16.43
337,pingzhuang,CN,2020-04-11 16:48:29,42.04,119.29,33,0,12.19,50
338,bani walid,LY,2020-04-11 16:48:29,31.76,13.99,51,3,5.3,56.07
339,okhotsk,RU,2020-04-11 16:48:29,59.38,143.3,92,34,2.19,29.61
340,gurskoye,,,,,,,,
341,araouane,ML,2020-04-11 16:48:30,18.9,-3.53,13,0,1.36,82.09
342,kloulklubed,PW,2020-04-11 16:48:30,7.04,134.26,74,75,8.05,84.2
343,luderitz,NA,2020-04-11 16:48:30,-26.65,15.16,100,0,11.41,55.4
344,north platte,US,2020-04-11 16:48:31,41.12,-100.77,30,1,11.41,69.8
345,matagami,CA,2020-04-11 16:48:31,49.75,-77.63,47,1,3.36,33.8
346,kinshasa,CD,2020-04-11 16:48:31,-4.32,15.32,94,75,1.97,75.2
347,tuscaloosa,US,2020-04-11 16:48:31,33.21,-87.57,30,1,9.17,71.6
348,kaeo,NZ,2020-04-11 16:48:32,-35.1,173.78,77,85,13,68
349,jumla,NP,2020-04-11 16:48:32,29.27,82.18,22,0,5.82,43.68
350,mys shmidta,,,,,,,,
351,beinamar,TD,2020-04-11 16:48:32,8.67,15.38,46,99,5.12,78.19
352,carlos antonio lopez,PY,2020-04-11 16:45:09,-26.4,-54.77,58,0,3.04,61.39
353,albanel,CA,2020-04-11 16:48:33,48.88,-72.45,93,90,16.11,34
354,gao,ML,2020-04-11 16:43:58,16.64,1.64,19,56,4.56,85.77
355,ardakan,IR,2020-04-11 16:48:33,32.31,54.02,40,40,4.7,68
356,inuvik,CA,2020-04-11 16:48:34,68.35,-133.72,48,5,8.05,24.8
357,scottsbluff,US,2020-04-11 16:48:34,41.87,-103.67,54,90,28.86,59
358,moscow,RU,2020-04-11 16:47:15,55.75,37.62,92,0,4.47,30.2
359,ixtapa,MX,2020-04-11 16:48:34,20.7,-105.2,69,75,16.11,78.8
360,blind river,CA,2020-04-11 16:48:35,46.18,-82.96,64,1,16.11,39.2
361,saint-michel-des-saints,CA,2020-04-11 16:48:35,46.68,-73.92,5,51,1.01,35.01
362,zeya,RU,2020-04-11 16:48:35,53.75,127.27,60,5,3.8,43.5
363,biu,NG,2020-04-11 16:48:35,10.61,12.19,14,97,7.25,76.24
364,ambon,ID,2020-04-11 16:48:36,-3.7,128.18,83,40,3.36,82.4
365,puerto maldonado,PE,2020-04-11 16:48:36,-12.6,-69.18,61,0,1.57,74.53
366,maghama,,,,,,,,
367,at-bashi,KG,2020-04-11 16:48:38,41.17,75.81,26,97,1.63,42.66
368,iqaluit,CA,2020-04-11 16:48:39,63.75,-68.51,73,90,13.87,24.8
369,kanniyakumari,IN,2020-04-11 16:45:05,8.08,77.57,75,0,13.85,82.98
370,asfi,MA,2020-04-11 16:48:39,32.3,-9.24,79,95,12.95,62.78
371,puerto escondido,MX,2020-04-11 16:48:39,15.85,-97.07,83,40,5.82,82.4
372,san juan,AR,2020-04-11 16:46:23,-31.54,-68.54,33,74,10.92,72.99
373,baykit,RU,2020-04-11 16:48:40,61.67,96.37,94,33,3.4,26.6
374,dunajska streda,SK,2020-04-11 16:48:40,47.99,17.61,52,15,2.24,48
375,nantucket,US,2020-04-11 16:48:40,41.28,-70.1,64,20,17.22,48.2
376,kiboga,UG,2020-04-11 16:48:40,0.92,31.77,61,68,2.73,65.41
377,kaseda,JP,2020-04-11 16:48:41,31.42,130.32,87,90,4.7,55.4
378,natal,BR,2020-04-11 16:48:41,-5.79,-35.21,78,40,9.17,82.4
379,danshui,CN,2020-04-11 16:48:41,22.8,114.47,72,75,15.66,66.99
380,gayeri,BF,2020-04-11 16:48:41,12.65,0.49,20,85,6.02,85.98
381,wuwei,CN,2020-04-11 16:48:42,37.93,102.64,23,20,2.24,43
382,ormara,PK,2020-04-11 16:48:42,25.21,64.64,74,28,3.76,75.74
383,venezuela,VE,2020-04-11 16:48:42,8,-66,23,93,12.8,94.73
384,farsund,NO,2020-04-11 16:48:42,58.09,6.8,96,85,11.27,44.01
385,riohacha,CO,2020-04-11 16:48:42,11.54,-72.91,74,81,12.19,82.58
386,soe,ID,2020-04-11 16:48:43,-9.86,124.28,74,78,2.44,71.4
387,kuytun,RU,2020-04-11 16:48:43,54.34,101.5,76,59,5.23,31.87
388,dundee,GB,2020-04-11 16:48:43,56.5,-2.97,81,99,12.75,51.01
389,safford,US,2020-04-11 16:48:43,32.83,-109.71,41,75,11.41,60.8
390,chifeng,CN,2020-04-11 16:48:44,42.27,118.96,30,0,12.71,50.79
391,omboue,GA,2020-04-11 16:48:44,-1.57,9.26,92,100,12.59,76.66
392,barhiya,IN,2020-04-11 16:48:44,25.28,86.03,20,5,0.72,76.19
393,camacupa,AO,2020-04-11 16:48:44,-12.02,17.48,66,75,3.67,60.62
394,lorengau,PG,2020-04-11 16:48:45,-2.02,147.27,68,36,2.37,84.99
395,broken hill,AU,2020-04-11 16:48:45,-31.95,141.43,57,0,13.87,51.8
396,louisbourg,,,,,,,,
397,suhbaatar,MN,2020-04-11 16:48:45,50.23,106.21,39,96,2.08,47.03
398,mildura,AU,2020-04-11 16:48:46,-34.2,142.15,62,0,8.05,55
399,leningradskiy,RU,2020-04-11 16:48:46,69.38,178.42,86,91,2.91,17.11
400,sokol,RU,2020-04-11 16:48:46,59.46,40.12,89,15,2.98,26.69
401,kanye,BW,2020-04-11 16:48:46,-24.97,25.33,37,13,3.24,60.31
402,yantal,RU,2020-04-11 16:48:47,56.85,105.25,81,54,3.53,32.04
403,tianpeng,CN,2020-04-11 16:48:47,30.99,103.94,87,1,7.27,59
404,salalah,OM,2020-04-11 16:48:47,17.02,54.09,74,40,11.41,82.4
405,nagod,IN,2020-04-11 16:48:47,24.57,80.6,18,0,4.05,78.24
406,los llanos de aridane,ES,2020-04-11 16:45:38,28.66,-17.92,77,40,10.29,66.2
407,namatanai,PG,2020-04-11 16:48:48,-3.67,152.43,73,100,1.79,83.75
408,tabas,IR,2020-04-11 16:48:48,33.6,56.92,82,100,2.24,64.4
409,hamilton,US,2020-04-11 16:45:13,39.18,-84.53,33,1,9.17,60.01
410,ercis,TR,2020-04-11 16:48:49,39.03,43.36,80,75,3.36,39.2
411,beringovskiy,RU,2020-04-11 16:48:41,63.05,179.32,94,95,10.51,14.23
412,middelburg,ZA,2020-04-11 16:48:49,-25.78,29.46,38,0,2.75,57.72
413,kuche,,,,,,,,
414,limon,CR,2020-04-11 16:48:50,10,-83.03,85,71,5.3,84
415,buraydah,SA,2020-04-11 16:48:50,26.33,43.98,39,0,13.87,66.2
416,serebryansk,KZ,2020-04-11 16:48:50,49.69,83.29,92,22,2.21,24.8
417,semey,KZ,2020-04-11 16:48:50,50.41,80.23,92,58,4.47,26.6
418,balugaon,IN,2020-04-11 16:48:50,20.17,85.1,61,0,2.28,76.19
419,vigrestad,NO,2020-04-11 16:48:51,58.57,5.7,100,75,6.93,44.01
420,mehamn,NO,2020-04-11 16:48:51,71.04,27.85,95,82,7.36,23.49
421,mahajanga,MG,2020-04-11 16:48:51,-15.72,46.32,79,21,9.95,75.52
422,pacifica,US,2020-04-11 16:48:51,37.61,-122.49,81,90,6.93,68
423,labuhan,ID,2020-04-11 16:48:51,-6.88,112.21,82,49,4.68,79.63
424,genhe,CN,2020-04-11 16:48:52,50.78,121.52,34,4,2.04,48.94
425,acapulco,MX,2020-04-11 16:44:01,16.86,-99.89,78,40,9.17,82.4
426,northam,GB,2020-04-11 16:48:52,51.03,-4.22,86,0,1.99,57
427,arraial do cabo,BR,2020-04-11 16:48:52,-22.97,-42.03,73,99,4.52,73.24
428,tondano,ID,2020-04-11 16:48:53,1.3,124.91,94,20,1.12,75.2
429,aswan,EG,2020-04-11 16:44:38,24.09,32.91,29,0,10.6,62.65
430,hadrut,AZ,2020-04-11 16:48:53,39.52,47.03,63,97,2.64,45.18
431,lufilufi,WS,2020-04-11 16:48:53,-13.87,-171.6,74,75,9.17,87.8
432,alice springs,AU,2020-04-11 16:46:22,-23.7,133.88,26,41,4.7,69.8
433,yingcheng,CN,2020-04-11 16:48:54,30.95,113.55,87,0,4.47,46.4
434,pisco,PE,2020-04-11 16:48:54,-13.7,-76.22,30,0,17.22,73.99
435,padang,ID,2020-04-11 16:48:54,-0.95,100.35,75,91,4.94,79.48
436,barcelos,PT,2020-04-11 16:47:55,41.54,-8.62,100,94,4.38,55
437,ust-kuyga,RU,2020-04-11 16:48:55,70.02,135.6,92,45,14.34,26.11
438,guatire,VE,2020-04-11 16:46:49,10.48,-66.54,74,40,8.05,82.4
439,sesheke,ZM,2020-04-11 16:48:55,-17.48,24.3,82,100,2.24,68
440,jishou,CN,2020-04-11 16:48:55,28.32,109.72,73,48,1.16,50.52
441,chagda,,,,,,,,
442,kavaratti,IN,2020-04-11 16:48:56,10.57,72.64,69,4,4.61,84.04
443,yaan,NG,2020-04-11 16:48:56,7.38,8.57,60,95,5.97,75.67
444,la palma,US,2020-04-11 16:48:56,33.85,-118.05,59,40,11.41,71.01
445,caravelas,BR,2020-04-11 16:48:57,-17.71,-39.25,86,37,9.73,78.49
446,goderich,CA,2020-04-11 16:45:12,43.75,-81.72,58,19,5.01,51.01
447,kambove,CD,2020-04-11 16:48:57,-10.88,26.6,66,90,3.85,60.04
448,les cayes,HT,2020-04-11 16:48:57,18.2,-73.75,79,68,6.44,80.19
449,progreso,MX,2020-04-11 16:48:58,21.28,-89.67,59,5,13.87,89.6
450,imbituba,BR,2020-04-11 16:48:58,-28.24,-48.67,64,40,6.93,69.8
451,llangefni,GB,2020-04-11 16:48:58,53.26,-4.31,87,37,5.82,51.8
452,umm lajj,SA,2020-04-11 16:45:32,25.02,37.27,54,2,9.62,67.73
453,chiredzi,ZW,2020-04-11 16:48:59,-21.05,31.67,62,84,5.26,66.76
454,lethem,GY,2020-04-11 16:48:59,3.38,-59.8,55,78,10.07,84.15
455,makat,KZ,2020-04-11 16:48:59,47.65,53.35,58,0,8.16,45.7
456,baft,IR,2020-04-11 16:48:59,29.23,56.61,26,100,14.12,55.09
457,olafsvik,IS,2020-04-11 16:48:59,64.89,-23.71,84,54,29.15,35.37
458,skjaerhollen,,,,,,,,
459,caxito,AO,2020-04-11 16:49:00,-8.58,13.66,93,87,2.55,75.87
460,bosaso,SO,2020-04-11 16:49:00,11.28,49.18,68,10,8.68,82.4
461,pacific grove,US,2020-04-11 16:45:40,36.62,-121.92,67,90,6.93,68
462,poso,ID,2020-04-11 16:49:01,-1.4,120.75,55,5,1.59,82.92
463,perth,AU,2020-04-11 16:46:23,-31.93,115.83,83,75,4.7,73.99
464,shchelyayur,,,,,,,,
465,tambura,SS,2020-04-11 16:49:02,5.6,27.47,72,100,2.68,72.72
466,gizo,SB,2020-04-11 16:49:02,-8.1,156.84,68,90,4.14,86.81
467,gazanjyk,TM,2020-04-11 16:49:02,39.24,55.52,55,1,6.96,55.47
468,neuquen,AR,2020-04-11 16:49:02,-38.95,-68.06,48,33,7.72,66.2
469,krasnovishersk,RU,2020-04-11 16:49:03,60.41,57.08,92,100,1.9,33.1
470,san jose,US,2020-04-11 16:47:15,37.34,-121.89,63,20,8.05,69.01
471,dunedin,NZ,2020-04-11 16:49:03,-45.87,170.5,86,100,8.01,55.99
472,rio gallegos,AR,2020-04-11 16:49:03,-51.62,-69.22,74,75,20.8,48.2
473,bacsalmas,HU,2020-04-11 16:49:04,46.13,19.33,59,0,3.69,48.06
474,centralia,US,2020-04-11 16:46:08,46.72,-122.95,44,20,11.41,61
475,kingman,US,2020-04-11 16:48:37,35.19,-114.05,32,1,18.34,77
476,atasu,KZ,2020-04-11 16:49:04,48.68,71.64,54,89,10.83,41.67
477,lahij,YE,2020-04-11 16:49:05,13.17,44.58,66,23,4.92,77.25
478,leiyang,CN,2020-04-11 16:49:05,26.4,112.86,78,4,4.9,50.16
479,umzimvubu,,,,,,,,
480,skjervoy,NO,2020-04-11 16:49:05,70.03,20.97,85,100,12.1,34.52
481,capreol,CA,2020-04-11 16:45:25,46.71,-80.92,41,20,14.99,41
482,banapur,IN,2020-04-11 16:49:06,19.78,85.18,78,0,4.5,77.43
483,warqla,,,,,,,,
484,bathsheba,BB,2020-04-11 16:49:06,13.22,-59.52,69,40,12.75,80.6
485,san rafael,AR,2020-04-11 16:49:06,-34.62,-68.33,29,73,10.56,65.46
486,pevek,RU,2020-04-11 16:48:46,69.7,170.31,91,44,14.54,9.79
487,comodoro rivadavia,AR,2020-04-11 16:45:01,-45.87,-67.5,45,0,12.75,59
488,dudinka,RU,2020-04-11 16:49:07,69.41,86.18,98,75,31.32,33.8
489,palmeira,BR,2020-04-11 16:46:47,-25.43,-50.01,74,8,6.76,55.42
490,axim,GH,2020-04-11 16:49:08,4.87,-2.24,85,50,5.19,80.6
491,mount isa,AU,2020-04-11 16:49:08,-20.73,139.5,17,13,5.82,75.2
492,shakhunya,RU,2020-04-11 16:49:08,57.68,46.61,96,100,11.59,30.42
493,omsukchan,RU,2020-04-11 16:49:08,62.53,155.8,87,99,1.45,15.24
494,tuatapere,NZ,2020-04-11 16:49:08,-46.13,167.68,58,56,1.99,64
495,sao joao da barra,BR,2020-04-11 16:49:09,-21.64,-41.05,90,99,16.22,71.76
496,punta alta,AR,2020-04-11 16:48:29,-38.88,-62.07,74,98,16.22,64.58
497,sakakah,SA,2020-04-11 16:49:09,29.97,40.21,41,0,6.44,59
498,dashitou,CN,2020-04-11 16:49:09,43.31,128.51,46,0,4.72,42.37
499,gamba,GA,2020-04-11 16:46:40,-2.65,10,88,100,10.69,77.4
500,boa vista,BR,2020-04-11 16:49:10,2.82,-60.67,49,40,11.41,89.6
501,mirnyy,RU,2020-04-11 16:49:10,62.54,113.96,86,75,13.42,30.2
502,ambulu,ID,2020-04-11 16:49:10,-8.35,113.61,76,77,3.87,78.98
503,qinzhou,CN,2020-04-11 16:49:11,21.95,108.62,60,94,18.81,58.71
504,angoche,MZ,2020-04-11 16:49:11,-16.23,39.91,81,57,5.3,73.15
505,sistranda,NO,2020-04-11 16:49:11,63.73,8.83,93,75,17.22,44.01
506,fukue,JP,2020-04-11 16:49:11,32.69,128.84,93,75,18.34,51.8
507,matameye,,,,,,,,
508,algodones,MX,2020-04-11 16:49:12,20.39,-105.48,69,75,16.11,78.8
509,saint-augustin,CA,2020-04-11 16:49:12,51.23,-58.65,98,96,5.97,31.12
510,sedhiou,SN,2020-04-11 16:49:12,12.71,-15.56,46,7,2.24,89.6
511,maltahohe,NA,2020-04-11 16:49:13,-24.83,16.98,22,0,4.45,66.69
512,tall kayf,TR,2020-04-11 16:49:13,37.08,41.07,60,0,2.86,49.73
513,armacao dos buzios,,,,,,,,
514,valparaiso,CL,2020-04-11 16:47:34,-33.04,-71.63,93,75,6.46,57.2
515,cochrane,CA,2020-04-11 16:49:14,51.18,-114.47,45,20,19.46,27
516,boende,CD,2020-04-11 16:49:14,-0.22,20.87,85,94,2.53,72.54
517,tautira,PF,2020-04-11 16:49:14,-17.73,-149.15,62,100,6.93,87.8
518,ak-dovurak,RU,2020-04-11 16:49:15,51.18,90.6,53,65,0.34,37.09
519,jalu,LY,2020-04-11 16:49:15,29.03,21.55,50,7,8.93,59.97
520,bagotville,AU,2020-04-11 16:49:15,-28.98,153.42,49,0,13.87,71.6
521,wabag,PG,2020-04-11 16:49:15,-5.48,143.7,33,54,1.23,68.63
522,helena,US,2020-04-11 16:49:16,46.59,-112.04,68,90,14.99,30
523,karaul,,,,,,,,
524,sur,OM,2020-04-11 16:49:16,22.57,59.53,69,31,14.36,77.83
525,kaliganj,BD,2020-04-11 16:49:16,23.41,89.14,93,0,6.6,73.47
526,katherine,AU,2020-04-11 16:49:16,-14.47,132.27,74,62,8.05,78.8
527,utete,TZ,2020-04-11 16:49:17,-7.99,38.76,96,84,2.91,73.62
528,xihua,CN,2020-04-11 16:49:17,33.78,114.52,52,0,12.95,52.02
529,zhigansk,RU,2020-04-11 16:49:17,66.77,123.37,95,96,16.11,26.51
530,chase,CA,2020-04-11 16:49:17,50.82,-119.69,15,20,24.16,51.8
531,kurskaya,RU,2020-04-11 16:49:18,44.05,44.45,67,95,8.32,46.31
532,bocaranga,,,,,,,,
533,luanda,AO,2020-04-11 16:46:06,-8.84,13.23,84,66,2.57,78.6
534,chalmette,US,2020-04-11 16:49:18,29.94,-89.96,56,1,3.36,73.4
535,acari,PE,2020-04-11 16:49:19,-15.43,-74.62,69,32,3.06,74.03
536,batagay,RU,2020-04-11 16:49:19,67.63,134.63,88,100,7.4,31.71
537,agadir,MA,2020-04-11 16:45:48,30.42,-9.6,77,75,6.93,64.4
538,ampanihy,MG,2020-04-11 16:49:19,-24.7,44.75,62,95,6.87,73.11
539,khani,GE,2020-04-11 16:49:20,41.96,42.96,93,90,3.36,42.8
540,olga,RU,2020-04-11 16:49:20,43.74,135.29,65,0,5.91,40.62
541,makakilo city,US,2020-04-11 16:45:32,21.35,-158.09,65,40,10.29,82.4
542,mbale,UG,2020-04-11 16:49:21,1.08,34.17,51,28,1.99,69.03
543,palabuhanratu,,,,,,,,
544,codrington,AU,2020-04-11 16:49:21,-38.27,141.97,63,97,9.84,55.85
545,peniche,PT,2020-04-11 16:49:21,39.36,-9.38,87,75,3.36,57.99
546,toccoa,US,2020-04-11 16:49:22,34.58,-83.33,24,1,1.48,70
547,jiwani,PK,2020-04-11 16:49:22,25.05,61.74,82,49,7.23,77.02
548,vila,PT,2020-04-11 16:49:22,42.03,-8.16,100,20,3.36,55
549,dalvik,IS,2020-04-11 16:49:22,65.97,-18.53,69,75,24.16,33.8
550,turukhansk,RU,2020-04-11 16:49:22,65.82,87.98,96,100,16.28,34.86
551,hunza,,,,,,,,
552,quevedo,EC,2020-04-11 16:49:23,-1.03,-79.45,80,99,2.73,77.59
553,gari,RU,2020-04-11 16:49:23,59.43,62.35,88,99,5.93,34.88
554,junin,AR,2020-04-11 16:49:23,-34.58,-60.94,67,35,1.99,63
555,leeston,NZ,2020-04-11 16:49:24,-43.77,172.3,45,78,14.99,70
556,rorvik,NO,2020-04-11 16:49:24,64.86,11.24,92,100,18.3,36.45
557,eseka,CM,2020-04-11 16:49:24,3.65,10.77,71,100,3.31,69.85
558,gigmoto,PH,2020-04-11 16:49:24,13.78,124.39,74,74,3.33,81.09
559,necochea,AR,2020-04-11 16:49:24,-38.55,-58.74,71,93,8.01,62.01
560,huarmey,PE,2020-04-11 16:49:25,-10.07,-78.15,76,55,8.3,73.81
561,inhambane,MZ,2020-04-11 16:49:25,-23.86,35.38,83,33,3.65,71.87
562,ouadda,CF,2020-04-11 16:49:26,8.08,22.4,69,100,3.09,70.61
563,chengde,CN,2020-04-11 16:49:26,40.97,117.94,31,0,6.02,52.84
564,srednekolymsk,RU,2020-04-11 16:49:27,67.45,153.68,96,82,12.66,28.29
565,lubango,AO,2020-04-11 16:49:27,-14.92,13.49,56,33,1.59,58.98
566,leshukonskoye,RU,2020-04-11 16:49:28,64.9,45.76,96,70,2.86,19.4
567,mvomero,TZ,2020-04-11 16:49:28,-6.25,38.67,90,100,8.59,75.52
568,souillac,MU,2020-04-11 16:49:29,-20.52,57.52,83,75,5.82,75.99
569,kavieng,PG,2020-04-11 16:49:29,-2.57,150.8,72,93,2.33,83.82
570,jiayuguan,CN,2020-04-11 16:49:29,39.82,98.3,22,100,2.01,44.28
571,shimoda,JP,2020-04-11 16:49:29,34.67,138.95,87,75,16.11,51.8
572,bambanglipuro,ID,2020-04-11 16:48:24,-7.95,110.28,76,77,2.39,79.79
573,doha,QA,2020-04-11 16:48:33,25.29,51.53,54,100,5.82,84.99
574,santo antonio do ica,BR,2020-04-11 16:49:30,-3.1,-67.94,93,100,2.06,76.46
575,teya,RU,2020-04-11 16:49:31,60.38,92.63,94,0,3.42,25.83
576,kangavar,IR,2020-04-11 16:49:31,34.5,47.97,41,1,1.95,42.84
577,pignon,HT,2020-04-11 16:49:31,19.33,-72.12,62,14,4.43,75.52
578,guaruja,BR,2020-04-11 16:49:23,-23.99,-46.26,77,90,10.29,75
579,bambous virieux,MU,2020-04-11 16:49:27,-20.34,57.76,83,75,5.82,75.99
580,nobres,BR,2020-04-11 16:49:33,-14.72,-56.33,83,43,1.72,75.07
581,olinda,BR,2020-04-11 16:49:33,-8.01,-34.86,70,20,9.17,84.2
582,elizabeth city,US,2020-04-11 16:49:33,36.29,-76.25,29,1,9.17,62.6
583,hudiksvall,SE,2020-04-11 16:49:33,61.73,17.1,94,100,3,37
584,jujuy,,,,,,,,
585,kupang,ID,2020-04-11 16:49:35,-10.17,123.58,78,20,3.36,78.8
586,messina,IT,2020-04-11 16:49:35,38.19,15.55,62,75,2.24,59
587,vila velha,BR,2020-04-11 16:49:20,-20.33,-40.29,83,90,8.05,77
588,labutta,,,,,,,,
589,coihaique,CL,2020-04-11 16:49:36,-45.58,-72.07,57,40,4.7,48.2
590,thrissur,IN,2020-04-11 16:49:36,10.52,76.22,88,75,3.29,80.6
591,oga,IT,2020-04-11 16:49:37,46.46,10.35,86,15,3.36,48
592,panguna,PG,2020-04-11 16:49:37,-6.32,155.48,60,90,2.19,81.64
593,tinnanur,IN,2020-04-11 16:49:37,13.11,80.03,88,20,2.24,81
594,kawalu,ID,2020-04-11 16:49:37,-7.38,108.21,74,12,1.16,75.52
595,wasilla,US,2020-04-11 16:49:26,61.58,-149.44,30,1,3.36,42.01
596,poya,NC,2020-04-11 16:49:38,-21.35,165.15,62,42,2.82,80.64
597,ust-kamchatsk,,,,,,,,
598,rehoboth,NA,2020-04-11 16:49:38,-23.32,17.08,37,0,2.82,67.37
599,biak,ID,2020-04-11 16:49:39,-0.91,122.88,68,38,2.77,81.05
600,eatonton,US,2020-04-11 16:49:39,33.33,-83.39,30,1,3.36,71.01
601,korla,CN,2020-04-11 16:49:40,41.76,86.15,41,69,4,59
602,kuty,UA,2020-04-11 16:49:41,48.26,25.18,67,0,1.21,37.54
603,mafeteng,LS,2020-04-11 16:49:41,-29.82,27.24,38,4,7.54,56.34
604,marrakesh,MA,2020-04-11 16:49:41,31.63,-8.01,72,94,5.82,60.8
605,imeni poliny osipenko,RU,2020-04-11 16:49:42,52.42,136.49,57,0,8.59,44.19
